11/25/2010,
/c//Banner,306
/c//Footer,301
/c//Menu,279
/c//Wrapper,285
/c/drso/WorkListView,332
/c/rfp/ResponseControllerView,731
/d/drso/search?appname=glcng,1576
/d/drso/search_asc,911
/d/drso/search_desc,1540
/d/rfp/RFPOID,889
/l_login,359
/l_logout,262
/p,263
/p_login,308
/p_logout,248
/pipe/response/prepopulate?appname=glcng,1818
/t/rfp/Template/RFPOID,939
Login,667
Login Landing Page,264
Logout,511
List Page,3081
Response Form Page,4379
Sort by Recieve Date,2452
11/26/2010,
/c//Banner,322
/c//Footer,322
/c//Menu,299
/c//Wrapper,292
/c/drso/WorkListView,329
/c/rfp/ResponseControllerView,752
/d/drso/search?appname=glcng,1382
/d/drso/search_asc,863
/d/drso/search_desc,1420
/d/rfp/RFPOID,847
/l_login,435
/l_logout,240
/p,265
/p_login,324
/p_logout,256
/pipe/response/prepopulate?appname=glcng,1605
/t/rfp/Template/RFPOID,855
Login,759
Login Landing Page,266
Logout,497
List Page,2949
Response Form Page,4061
Sort by Recieve Date,2285
11/27/2010,
/c//Banner,312
/c//Footer,306
/c//Menu,281
/c//Wrapper,278
/c/drso/WorkListView,322
/c/rfp/ResponseControllerView,690
/d/drso/search?appname=glcng,1461
/d/drso/search_asc,862
/d/drso/search_desc,1349
/d/rfp/RFPOID,848
/l_login,424
/l_logout,246
/p,249
/p_login,308
/p_logout,248
/pipe/response/prepopulate?appname=glcng,1731
/t/rfp/Template/RFPOID,814
Login,732
Login Landing Page,250
Logout,495
List Page,2962
Response Form Page,4086
Sort by Recieve Date,2212
